reference,d,chains,scans,moves,runs,s1,s2,run,accept_SEO,accept_DEO,swap_SEO,swap_DEO,Lambda_SEO,Lambda_DEO,tau_SEO,tau_DEO,occupancy_SEO,occupancy_DEO,occupancy_single_chain,rhat_SEO,rhat_DEO
gaussian-reference,15,48,20000,32,6,0.2,0.3,20260902_161648,0.278,0.277,0.891,0.890,5.12,5.16,0.0089,0.0545,0.432,0.515,0.500,1.06,1.01
gaussian-reference,20,48,15500,32,6,0.2,0.3,20260902_164248,0.274,0.274,0.874,0.873,5.94,5.96,0.0080,0.0429,0.460,0.498,0.500,1.38,1.19
gaussian-reference,25,48,15500,32,6,0.2,0.3,20260902_164654,0.271,0.272,0.859,0.859,6.61,6.64,0.0066,0.0348,0.462,0.465,0.500,2.90,1.56
gaussian-reference,85,48,20000,16,6,0.2,0.3,20260902_161141,0.254,0.254,0.752,0.752,11.66,11.66,0.0016,0.0027,0.500,0.500,0.500,77.46,109.55
mixture-reference,25,48,20000,16,6,0.2,0.3,20260831_200702,0.233,0.235,0.801,0.801,9.37,9.36,0.0069,0.0235,0.529,0.508,0.500,1.00,1.00
mixture-reference,30,48,20000,16,6,0.2,0.3,20260831_191235,0.232,0.239,0.787,0.787,10.00,9.99,0.0064,0.0197,0.494,0.502,0.500,1.00,1.00
mixture-reference,35,48,20000,16,6,0.2,0.3,20260831_192201,0.240,0.237,0.767,0.767,10.94,10.97,0.0056,0.0153,0.462,0.503,0.500,1.01,1.00
mixture-reference,45,48,20000,16,6,0.2,0.3,20260831_192745,0.229,0.231,0.740,0.740,12.20,12.22,0.0044,0.0105,0.503,0.505,0.500,1.01,1.01
mixture-reference,50,48,20000,16,6,0.2,0.3,20260831_201123,0.234,0.229,0.725,0.725,12.91,12.91,0.0041,0.0084,0.462,0.520,0.500,1.02,1.01
mixture-reference,75,48,20000,16,6,0.2,0.3,20260901_004147,0.226,0.226,0.667,0.667,15.65,15.66,0.0022,0.0037,0.505,0.477,0.500,1.08,1.04
mixture-reference,85,48,20000,16,6,0.2,0.3,20260901_005742,0.232,0.228,0.647,0.646,16.61,16.62,0.0019,0.0028,0.399,0.384,0.500,1.19,1.05
mixture-reference,100,48,20000,16,6,0.2,0.3,20260901_002940,0.237,0.237,0.619,0.620,17.90,17.88,0.0014,0.0019,0.387,0.370,0.500,1.29,1.33
mixture-reference,200,48,20000,16,6,0.2,0.3,20260831_201731,0.238,0.236,0.484,0.485,24.25,24.21,0.0002,0.0002,0.476,0.500,0.500,3.76,94.87
